variant,patch,stage,samples,dof,mean_RG,mean_BG,mean_Y,sigma_RG,sigma_BG,cov_RG_BG,chroma_residual_variance,relative_chroma_variance,gain_sigma_RG,gain_sigma_BG,gain_chroma_variance,gain_Y,gain_variance_over_Y_squared
old,blue_hood,post_demosaic,12800,12500,-0.03814325777842896,-0.00954562993167201,0.0621222297999768,0.001658019903920153,0.0014645479180638895,1.3355512823814065e-06,4.893930606100667e-06,0.0012681298792038343,1.0,1.0,1.0,1.0,1.0
old,blue_hood,post_existing_denoise,12800,12500,-0.03814349261345342,-0.009545867299893871,0.06213074979330156,0.0016440126454310721,0.0014466740794246897,1.3128443491068653e-06,4.795643470416545e-06,0.0012423206346787263,0.9915518152369807,0.9877956614333051,0.9799165244473228,1.0001371488652644,0.9796477908545838
old,blue_hood,post_WB,12800,12500,-0.008470506495514247,0.033962838178073794,0.0715805551774847,0.0021386398893635137,0.0021727516561885966,1.3361300178266488e-06,9.294630335847072e-06,0.0018140196906355258,1.3008658390232435,1.501894370743583,1.9381403962125128,1.1520954666670051,1.4601863963280663
old,blue_hood,post_CCM,12800,12500,-0.011372772924126551,0.06443740340264287,0.06506887970087166,0.00395702023584704,0.004335745607518656,7.391052928337927e-06,3.445669912002029e-05,0.008138174758240956,1.8502508325628861,1.9955090565317282,3.70716186389139,0.9090301065636154,4.486265943116537
old,blue_hood,post_highlight_characterization,12800,12500,-0.01137277294707019,0.06443740339076612,0.06506887974530155,0.003957020253362572,0.004335745648248981,7.3910531449367885e-06,3.445669961183156e-05,0.00813817486328597,1.0000000044264448,1.0000000093940762,1.0000000142733134,1.0000000006828131,1.0000000129076871
old,blue_hood,post_FLLF,12800,12500,-0.020514552381937393,0.11625888720445801,0.1174350811062774,0.007140924445816918,0.007821997666725531,2.408792045352965e-05,0.00011217644943912531,0.00813403404212209,1.8046216568511997,1.8040720792476599,3.2555773101555774,1.8047810499574042,0.9994911855258161
old,blue_hood,post_KHRONOS,12800,12500,-0.020514552381937393,0.11625888720445801,0.1174350811062774,0.007140924445816918,0.007821997666725531,2.408792045352965e-05,0.00011217644943912531,0.00813403404212209,1.0,1.0,1.0,1.0,1.0
old,blue_hood,post_automatic_color,12800,12500,-0.026302071030659135,0.14924106901162304,0.11743508306069154,0.00910431033860265,0.010083436949930639,4.5320578770018815e-05,0.0001845641674648136,0.013382944269066322,1.274948419869624,1.289112753488176,1.6453022750106818,1.000000016642507,1.6453022202467742
old,blue_hood,post_final_gamut,12800,12500,-0.026302071030659135,0.14924106901162304,0.11743508306069154,0.00910431033860265,0.010083436949930639,4.5320578770018815e-05,0.0001845641674648136,0.013382944269066322,1.0,1.0,1.0,1.0,1.0
old,dark_glass,post_demosaic,1536,1488,-0.009532936304367468,-0.00631001145211485,0.01497533748572214,0.0010521540495782174,0.001096949509608263,5.627437390569777e-07,2.3103263706736507e-06,0.010301965670547827,1.0,1.0,1.0,1.0,1.0
old,dark_glass,post_existing_denoise,1536,1488,-0.009532821144754658,-0.006310640608110892,0.014980868606144242,0.0009114644404882824,0.0009440482698253389,4.266049481860975e-07,1.7219945620348335e-06,0.007672869040331964,0.8662842108089267,0.8606123267810863,0.7453468842727748,1.0003693486325351,0.744796603454799
old,dark_glass,post_WB,1536,1488,-0.002355401467418205,0.0015943029623785691,0.01707752495533531,0.001600789341776613,0.0014655490829904674,9.21348300454315e-07,4.710360631399801e-06,0.016151181637676548,1.756282824285554,1.5524090555895123,2.735409701778441,1.1399555929841845,2.104972931608614
old,dark_glass,post_CCM,1536,1488,-0.004082332781291757,0.0027528982004334074,0.01662816524531041,0.0029730773774084267,0.0029652751519298696,4.6398751695855135e-06,1.7632045818710483e-05,0.06376965130676007,1.8572571042413362,2.023320260198448,3.7432475342064584,0.9736870705093298,3.9482963375262816
old,dark_glass,post_highlight_characterization,1536,1488,-0.0040823326988477975,0.0027528982633763612,0.016628165234699097,0.002973077435093421,0.0029652752323842515,4.639875470821166e-06,1.7632046638853156e-05,0.0637696543543518,1.0000000194024532,1.000000027132181,1.0000000465143228,0.999999999361847,1.0000000477906288
old,dark_glass,post_FLLF,1536,1488,-0.0058356022791106925,0.003962656686780974,0.024266779961589286,0.004187642595730777,0.00433246853417898,9.846150868154223e-06,3.630663410922976e-05,0.06165406047876068,1.408521199717488,1.4610679261282018,2.059127613082996,1.4593780864620098,0.966824441860147
old,dark_glass,post_KHRONOS,1536,1488,-0.0058356022791106925,0.003962656686780974,0.024266779961589286,0.004187642595730777,0.00433246853417898,9.846150868154223e-06,3.630663410922976e-05,0.06165406047876068,1.0,1.0,1.0,1.0,1.0
old,dark_glass,post_automatic_color,1536,1488,-0.006158775310420121,0.004201558616235464,0.02426678029815836,0.004397301985247107,0.004632012862439314,1.1228790475834628e-05,4.079180790726139e-05,0.06927055023670413,1.0500662090241593,1.0691394122997593,1.1235359296743905,1.00000001386954,1.1235358985085382
old,dark_glass,post_final_gamut,1536,1488,-0.006158775310420121,0.004201558616235464,0.02426678029815836,0.004397301985247107,0.004632012862439314,1.1228790475834628e-05,4.079180790726139e-05,0.06927055023670413,1.0,1.0,1.0,1.0,1.0
old,foliage,post_demosaic,20480,20000,-0.020762235887241333,-0.022658445214756285,0.03582824902337926,0.003967857895582447,0.005426146602074102,1.6230245684593772e-05,4.5186963226736285e-05,0.03520156626591624,1.0,1.0,1.0,1.0,1.0
old,foliage,post_existing_denoise,20480,20000,-0.020762738298139995,-0.022659021719280758,0.03583627560105891,0.003950743057966932,0.005413895534795195,1.616368956651206e-05,4.491863557174926e-05,0.0349768601095274,0.9956866304021197,0.9977422159448799,0.994061834745552,1.0002240293036484,0.993616586412906
old,foliage,post_WB,20480,20000,-0.0016446127344852631,-0.009030597938172081,0.04088476129288795,0.006336354711730721,0.004121833481570734,2.3638967918409392e-06,5.713890228266962e-05,0.034182904353796346,1.603838725718456,0.7613433718991515,1.2720533817506707,1.1408764054621754,0.9773005423229859
old,foliage,post_CCM,20480,20000,-0.004039133777134058,-0.017420207765306672,0.04234858838486298,0.011538393855076459,0.008162221258801249,2.705374201271103e-05,0.00019975638863249323,0.11138399763861032,1.8209829436655456,1.980240418565094,3.4959787579447403,1.0358037333638455,3.2584708568287595
old,foliage,post_highlight_characterization,20480,20000,-0.004038602334173902,-0.01739808954448563,0.042348588390578666,0.011524555185049516,0.008066415021477829,2.6941697330102592e-05,0.0001978824235119748,0.1103390762023688,0.9988006415623563,0.988262234717037,0.990618747498654,1.0000000001349676,0.9906187472312511
old,foliage,post_FLLF,20480,20000,-0.007323056314477392,-0.031076143848565857,0.07550845342051338,0.018398262547022058,0.014093989393374052,7.854991159893258e-05,0.0005371366017696947,0.09420926100996195,1.5964401446825132,1.7472432742236867,2.7144230004702266,1.7830217320139015,0.8538159304250134
old,foliage,post_KHRONOS,20480,20000,-0.007323056312294604,-0.031076143848565857,0.07550737460091765,0.018398262581444474,0.014093989393374052,7.854991180358338e-05,0.0005371366030363202,0.09421195330090444,1.00000000187096,1.0,1.0000000023581068,0.9999857125984329,1.0000285777737095
old,foliage,post_automatic_color,20480,20000,-0.009245337418633426,-0.0401449444445916,0.07550737603002985,0.023815900869179882,0.01764947326918554,0.00012875250489086402,0.0008787010408902978,0.1541212008792094,1.2944646682670653,1.2522695155058805,1.6358986446337593,1.0000000189267897,1.6358985827091417
old,foliage,post_final_gamut,20480,20000,-0.009236817150849674,-0.04005477210926074,0.07550737603288088,0.02376122681457267,0.01739437731581365,0.00012751008705233534,0.0008671602619384597,0.15209698713817496,0.9977043045775369,0.9855465401442168,0.9868660916343686,1.0000000000377582,0.986866091559844
old,white_van,post_demosaic,1536,1488,-0.37105443926217657,-0.2072486897620062,0.6206728175498389,0.008683501301354278,0.007778962312912376,4.121510823152496e-05,0.00013591544951633248,0.0003528120211649884,1.0,1.0,1.0,1.0,1.0
old,white_van,post_existing_denoise,1536,1488,-0.371054443482232,-0.20724870192740732,0.6206730474408036,0.008683150483077964,0.007778464450857624,4.121273829313832e-05,0.00013590161152503288,0.00035277583890326234,0.9999595994444938,0.9999359989115868,0.999898186767223,1.0000003703899352,0.9998974460631853
old,white_van,post_WB,1536,1488,-0.06019630157851874,0.1523082704370264,0.7127215018142451,0.009907140764700994,0.009931383605592469,1.5622494400475485e-05,0.00019678381845303106,0.0003873911200349995,1.1409615420127046,1.2767794554229108,1.447987380317295,1.1483042557639342,1.0981225960353516
old,white_van,post_CCM,1536,1488,-0.09125717116922617,0.2877324831006779,0.6820226752438918,0.018177838950043827,0.01962893598917919,0.00011309769016498108,0.0007157289569610244,0.001538689394646004,1.8348219109605486,1.9764553227131338,3.63713318802103,0.9569273180446937,3.9719273753796647
old,white_van,post_highlight_characterization,1536,1488,-0.09125716875617702,0.2877324840131526,0.6820226750943267,0.01817784083891282,0.019628939696698006,0.00011309772771731985,0.0007157291711814535,0.0015386898558565152,1.0000001039105362,1.0000001888802745,1.0000002993038453,0.9999999997807035,1.0000002997424384
old,white_van,post_FLLF,1536,1488,-0.08440668985713273,0.26629383536055684,0.6308161345195568,0.016944279176531133,0.018297080400245257,9.909082803642182e-05,0.0006218917479852657,0.0015628208924412564,0.9321392637710287,0.9321481793192938,0.8688925546498399,0.9249195922002331,1.0156828463467764
old,white_van,post_KHRONOS,1536,1488,-0.08092165738344193,0.25463546296426404,0.5692481485404928,0.016581711316353574,0.014995359217693498,8.33447963743604e-05,0.0004998139482465535,0.001542428773442268,0.9786023438117251,0.8195492881745493,0.803699277029795,0.9023994748866792,0.9869517235803431
old,white_van,post_automatic_color,1536,1488,-0.10739222603539626,0.3381983823880243,0.5692481720951658,0.021824975377099615,0.01960338913047635,0.00016842711743092774,0.0008606224156118828,0.0026558855984517046,1.3162076555738198,1.3072970674384174,1.7218855508757147,1.0000000413785677,1.7218854083774078
old,white_van,post_final_gamut,1536,1488,-0.10739222603539626,0.3381983823880243,0.5692481720951658,0.021824975377099615,0.01960338913047635,0.00016842711743092774,0.0008606224156118828,0.0026558855984517046,1.0,1.0,1.0,1.0,1.0
old,neutral_wall,post_demosaic,12288,12000,-0.11079488957875583,-0.11943122844968457,0.23441674807024593,0.004856657049335639,0.006411007189670773,1.8258670137823905e-05,6.46881308808719e-05,0.0011771920725745602,1.0,1.0,1.0,1.0,1.0
old,neutral_wall,post_existing_denoise,12288,12000,-0.11079481542522747,-0.11943142224542196,0.23441294094490647,0.004848818783016198,0.006405030935314371,1.8219974950352987e-05,6.453546487286478e-05,0.0011744520104082815,0.9983860778638852,0.9990678134995652,0.9976399687867274,0.9999837591581199,0.9976723746021446
old,neutral_wall,post_WB,12288,12000,0.03020944757817398,-0.015124445275397446,0.2719214109966654,0.010559300718757438,0.005943822608992221,1.5636609678818648e-05,0.00014682785887631846,0.001985736668139789,2.1777057859417557,0.9279928026921367,2.2751499375664244,1.1600102362120632,1.6907771884604088
old,neutral_wall,post_CCM,12288,12000,0.05298222780472996,-0.021202429110768372,0.27703734608733205,0.01932404613869269,0.012170309286268855,0.00010392071013056622,0.0005215351872937658,0.006795274086901584,1.8300497971769707,2.047555939481905,3.5520179296020715,1.0188140208301928,3.4220419031025404
old,neutral_wall,post_highlight_characterization,12288,12000,0.05298222745720219,-0.02120242900006512,0.27703734602837865,0.019324046035978207,0.01217030910188573,0.00010392069988021912,0.0005215351788360478,0.00679527397959492,0.9999999946846285,0.9999999848497585,0.9999999837830347,0.9999999997872006,0.9999999842086336
old,neutral_wall,post_FLLF,12288,12000,0.05857374020949161,-0.02373213255365651,0.3103367364993476,0.019934172394535002,0.013900153485305372,0.0001397942633915122,0.0005905854959700885,0.006132201252043404,1.0315734270877248,1.1421364378618462,1.1323981965859826,1.1201982005254913,0.9024214874127792
old,neutral_wall,post_KHRONOS,12288,12000,0.05857374019736502,-0.02373213255365651,0.31029914609364034,0.01993417233954256,0.013900153485305372,0.0001397942634855638,0.0005905854937776309,0.006133687059306653,0.999999997241298,1.0,0.9999999962876542,0.9998788722014309,1.0002422959068336
old,neutral_wall,post_automatic_color,12288,12000,0.07995073073834646,-0.03237337801450243,0.31029915504341576,0.026908547455759036,0.01894378747527005,0.0002703179444252256,0.0010829370100870345,0.01124713764837347,1.3498703130193024,1.3628473595846682,1.8336667959114914,1.0000000288424107,1.8336666901367542
old,neutral_wall,post_final_gamut,12288,12000,0.07995073073834646,-0.03237337801450243,0.31029915504341576,0.026908547455759036,0.01894378747527005,0.0002703179444252256,0.0010829370100870345,0.01124713764837347,1.0,1.0,1.0,1.0,1.0
old,sky,post_demosaic,1152,1116,-0.5250788598010937,-0.35275173249344033,0.9088156416577596,0.0043562643490929346,0.004985927058472444,9.842532129583109e-06,4.3836507711585764e-05,5.3074310649305996e-05,1.0,1.0,1.0,1.0,1.0
old,sky,post_existing_denoise,1152,1116,-0.5250787996273074,-0.3527517185753418,0.9088162688867292,0.0043527276649835385,0.0049822666499066545,9.826147673879976e-06,4.3769219096285135e-05,5.299276894876108e-05,0.9991881383162313,0.9992658519623608,0.9984650096731396,1.0000006901608431,0.9984636314716605
old,sky,post_WB,1152,1116,-0.053690964292086724,0.1385653235709084,1.0445064131219564,0.007630856162976931,0.007854445848766383,2.0974810895148957e-05,0.00011992228537124648,0.00010992024169452589,1.7531205143765385,1.5764804256138198,2.7398771978873335,1.1493042641076874,2.074249824552633
old,sky,post_CCM,1152,1116,-0.08107674892344145,0.2650724805506319,1.016884047189191,0.01417927886352322,0.0157469306112891,0.00010857004895735859,0.00044901777276630994,0.0004342308381992295,1.858150456605073,2.0048429786758675,3.744239624655869,0.9735546229436695,3.950417425445441
old,sky,post_highlight_characterization,1152,1116,-0.08107674385731418,0.26507248563898933,1.0168840441440024,0.014179282217445806,0.015746927375335635,0.0001085700360468007,0.0004490177659660696,0.00043423083422365177,1.0000002365368943,0.9999997945025896,0.9999999848552981,0.9999999970053729,0.9999999908445523
old,sky,post_FLLF,1152,1116,-0.07897755125951436,0.2582526669009692,0.9907270842144472,0.01381303285601745,0.015340155169891956,0.00010342588475881391,0.00042612023731778055,0.00043413428882676445,0.974170105664606,0.9741681538405514,0.9490052947035968,0.9742773425542598,0.9997776634239716
old,sky,post_KHRONOS,1152,1116,-0.05750627603588833,0.18767558255543312,0.7297405868089964,0.010418950540356636,0.009081022331264649,4.900920205200388e-05,0.0001910194969433251,0.0003587076954880594,0.7542840626646138,0.59197721474734,0.4482760503131694,0.7365707453002677,0.8262597650543952
old,sky,post_automatic_color,1152,1116,-0.07806462313358982,0.2548447247698075,0.7297405953327399,0.014037718995908104,0.01250609436353098,9.449533683799838e-05,0.00035345995083762053,0.0006637479601780508,1.3473256199397985,1.3771681102990248,1.8503867746154259,1.0000000116805117,1.8503867313884979
old,sky,post_final_gamut,1152,1116,-0.07806462313358982,0.2548447247698075,0.7297405953327399,0.014037718995908104,0.01250609436353098,9.449533683799838e-05,0.00035345995083762053,0.0006637479601780508,1.0,1.0,1.0,1.0,1.0
old,near_clip,post_demosaic,4096,4000,-0.09148115104142107,-0.04839507950737243,0.15566847197504646,0.030866937716712287,0.0204189720322296,0.0005923140623826516,0.0013697022628603704,0.056522953675743774,1.0,1.0,1.0,1.0,1.0
old,near_clip,post_existing_denoise,4096,4000,-0.09148563317273783,-0.048397913646340385,0.1556821989460722,0.030863550065902082,0.020414341762101513,0.0005922345651520272,0.0013693040722503264,0.05649655744058417,0.9998902498575889,0.9997732368641878,0.9997092867400157,1.0000881808040611,0.9995329997205908
old,near_clip,post_WB,4096,4000,-0.01261832060484819,0.043908339571889145,0.1791139010803617,0.011192189719813507,0.012288085152151821,-5.7238169227276306e-05,0.0002762621474308332,0.008611182581078264,0.3626345542205979,0.6019339391566475,0.20175368862872187,1.1505098353756307,0.15241959813453065
old,near_clip,post_CCM,4096,4000,-0.01772519755270658,0.08366037682077582,0.17061525224798885,0.019730029081330796,0.02318977071004877,-0.00012636593144205044,0.0009270395131347948,0.031846560930700867,1.7628390489488193,1.8871752940276385,3.3556515858434586,0.9525517071477336,3.6982796068775428
old,near_clip,post_highlight_characterization,4096,4000,-0.017285741526393394,0.08186251190340954,0.17061525212678275,0.018896764402201113,0.021581064077419637,-0.0001028393452916726,0.0008228300315859876,0.028266655738475376,0.9577666776011929,0.9306286097976796,0.887588953790738,0.999999999289594,0.887588955051835
old,near_clip,post_FLLF,4096,4000,-0.01957542513991939,0.0956585834355792,0.18189374775911238,0.02048540527187653,0.022862282649953592,-9.177865646519797e-05,0.0009423357971193959,0.02848197800091947,1.0840694647963316,1.0593677201428868,1.1452374864138872,1.0661048498990504,1.0076175358145045
old,near_clip,post_KHRONOS,4096,4000,-0.01860379947174806,0.09152761945006205,0.16857303939267837,0.01928084819213879,0.01926542905005732,-5.573732444837733e-05,0.0007429078634910942,0.026143198518510536,0.9411992555797067,0.842673032480264,0.7883685049024687,0.9267665407385247,0.9178856369338734
old,near_clip,post_automatic_color,4096,4000,-0.02409476068760341,0.11921952952775428,0.16857304316726554,0.02551396179098345,0.02484015726118997,-7.893132234611752e-05,0.0012679956590324123,0.04462122744857086,1.323280051620656,1.2893643425561843,1.7068006967564058,1.000000022391405,1.7068006203210773
old,near_clip,post_final_gamut,4096,4000,-0.024066563281394338,0.11911282627056607,0.168573043112204,0.025485566042503335,0.0247572368102426,-7.674860499849719e-05,0.0012624348509852304,0.04442554062416872,0.9988870505994819,0.9966618387284961,0.9956144896809621,0.9999999996733668,0.9956144903313635
new,blue_hood,post_demosaic,12800,12500,-0.03814325777842896,-0.00954562993167201,0.0621222297999768,0.001658019903920153,0.0014645479180638895,1.3355512823814065e-06,4.893930606100667e-06,0.0012681298792038343,1.0,1.0,1.0,1.0,1.0
new,blue_hood,post_existing_denoise,12800,12500,-0.03814349261345342,-0.009545867299893871,0.06213074979330156,0.0016440126454310721,0.0014466740794246897,1.3128443491068653e-06,4.795643470416545e-06,0.0012423206346787263,0.9915518152369807,0.9877956614333051,0.9799165244473228,1.0001371488652644,0.9796477908545838
new,blue_hood,post_WB,12800,12500,-0.008470506495514247,0.033962838178073794,0.0715805551774847,0.0021386398893635137,0.0021727516561885966,1.3361300178266488e-06,9.294630335847072e-06,0.0018140196906355258,1.3008658390232435,1.501894370743583,1.9381403962125128,1.1520954666670051,1.4601863963280663
new,blue_hood,post_CCM,12800,12500,-0.011372772924126551,0.06443740340264287,0.06506887970087166,0.00395702023584704,0.004335745607518656,7.391052928337927e-06,3.445669912002029e-05,0.008138174758240956,1.8502508325628861,1.9955090565317282,3.70716186389139,0.9090301065636154,4.486265943116537
new,blue_hood,post_highlight_characterization,12800,12500,-0.01137277294707019,0.06443740339076612,0.06506887974530155,0.003957020253362572,0.004335745648248981,7.3910531449367885e-06,3.445669961183156e-05,0.00813817486328597,1.0000000044264448,1.0000000093940762,1.0000000142733134,1.0000000006828131,1.0000000129076871
new,blue_hood,post_FLLF,12800,12500,-0.020514756782795303,0.11626004648569506,0.1174362535200331,0.007140995633591419,0.007822075549816194,2.4088402488276293e-05,0.00011217868454600402,0.008134033698958787,1.8046396470988968,1.8040900422687827,3.255642177275873,1.8047990679985981,0.9994911433587076
new,blue_hood,post_KHRONOS,12800,12500,-0.020514756782795303,0.11626004648569506,0.1174362535200331,0.007140995633591419,0.007822075549816194,2.4088402488276293e-05,0.00011217868454600402,0.008134033698958787,1.0,1.0,1.0,1.0,1.0
new,blue_hood,post_automatic_color,12800,12500,-0.02051475695334375,0.11626004858931992,0.1174362555693147,0.0071409957357511855,0.007822075535566126,2.4088401956236965e-05,0.0001121786857821187,0.008134033504708591,1.0000000143060956,0.9999999981782242,1.0000000110191583,1.0000000174501615,0.9999999761188358
new,blue_hood,post_final_gamut,12800,12500,-0.02051475695334375,0.11626004858931992,0.1174362555693147,0.0071409957357511855,0.007822075535566126,2.4088401956236965e-05,0.0001121786857821187,0.008134033504708591,1.0,1.0,1.0,1.0,1.0
new,dark_glass,post_demosaic,1536,1488,-0.009532936304367468,-0.00631001145211485,0.01497533748572214,0.0010521540495782174,0.001096949509608263,5.627437390569777e-07,2.3103263706736507e-06,0.010301965670547827,1.0,1.0,1.0,1.0,1.0
new,dark_glass,post_existing_denoise,1536,1488,-0.009532821144754658,-0.006310640608110892,0.014980868606144242,0.0009114644404882824,0.0009440482698253389,4.266049481860975e-07,1.7219945620348335e-06,0.007672869040331964,0.8662842108089267,0.8606123267810863,0.7453468842727748,1.0003693486325351,0.744796603454799
new,dark_glass,post_WB,1536,1488,-0.002355401467418205,0.0015943029623785691,0.01707752495533531,0.001600789341776613,0.0014655490829904674,9.21348300454315e-07,4.710360631399801e-06,0.016151181637676548,1.756282824285554,1.5524090555895123,2.735409701778441,1.1399555929841845,2.104972931608614
new,dark_glass,post_CCM,1536,1488,-0.004082332781291757,0.0027528982004334074,0.01662816524531041,0.0029730773774084267,0.0029652751519298696,4.6398751695855135e-06,1.7632045818710483e-05,0.06376965130676007,1.8572571042413362,2.023320260198448,3.7432475342064584,0.9736870705093298,3.9482963375262816
new,dark_glass,post_highlight_characterization,1536,1488,-0.0040823326988477975,0.0027528982633763612,0.016628165234699097,0.002973077435093421,0.0029652752323842515,4.639875470821166e-06,1.7632046638853156e-05,0.0637696543543518,1.0000000194024532,1.000000027132181,1.0000000465143228,0.999999999361847,1.0000000477906288
new,dark_glass,post_FLLF,1536,1488,-0.0058356549687535635,0.003962693084758939,0.024267008699732435,0.004187679360617398,0.004332509780181158,9.846335390920725e-06,3.630729942270633e-05,0.061654027975373636,1.4085335656539368,1.4610818357989561,2.059165346279272,1.459391842528294,0.9668239321602375
new,dark_glass,post_KHRONOS,1536,1488,-0.0058356549687535635,0.003962693084758939,0.024267008699732435,0.004187679360617398,0.004332509780181158,9.846335390920725e-06,3.630729942270633e-05,0.061654027975373636,1.0,1.0,1.0,1.0,1.0
new,dark_glass,post_automatic_color,1536,1488,-0.0058356550640231335,0.003962693155093196,0.024267009047747812,0.004187679414824848,0.00433250980534634,9.846335516138115e-06,3.630730009476996e-05,0.06165402734824402,1.0000000129445084,1.0000000058084535,1.0000000185104274,1.000000014341091,0.9999999898282456
new,dark_glass,post_final_gamut,1536,1488,-0.0058356550640231335,0.003962693155093196,0.024267009047747812,0.004187679414824848,0.00433250980534634,9.846335516138115e-06,3.630730009476996e-05,0.06165402734824402,1.0,1.0,1.0,1.0,1.0
new,foliage,post_demosaic,20480,20000,-0.020762235887241333,-0.022658445214756285,0.03582824902337926,0.003967857895582447,0.005426146602074102,1.6230245684593772e-05,4.5186963226736285e-05,0.03520156626591624,1.0,1.0,1.0,1.0,1.0
new,foliage,post_existing_denoise,20480,20000,-0.020762738298139995,-0.022659021719280758,0.03583627560105891,0.003950743057966932,0.005413895534795195,1.616368956651206e-05,4.491863557174926e-05,0.0349768601095274,0.9956866304021197,0.9977422159448799,0.994061834745552,1.0002240293036484,0.993616586412906
new,foliage,post_WB,20480,20000,-0.0016446127344852631,-0.009030597938172081,0.04088476129288795,0.006336354711730721,0.004121833481570734,2.3638967918409392e-06,5.713890228266962e-05,0.034182904353796346,1.603838725718456,0.7613433718991515,1.2720533817506707,1.1408764054621754,0.9773005423229859
new,foliage,post_CCM,20480,20000,-0.004039133777134058,-0.017420207765306672,0.04234858838486298,0.011538393855076459,0.008162221258801249,2.705374201271103e-05,0.00019975638863249323,0.11138399763861032,1.8209829436655456,1.980240418565094,3.4959787579447403,1.0358037333638455,3.2584708568287595
new,foliage,post_highlight_characterization,20480,20000,-0.004038602334173902,-0.01739808954448563,0.042348588390578666,0.011524555185049516,0.008066415021477829,2.6941697330102592e-05,0.0001978824235119748,0.1103390762023688,0.9988006415623563,0.988262234717037,0.990618747498654,1.0000000001349676,0.9906187472312511
new,foliage,post_FLLF,20480,20000,-0.007323131176157268,-0.031076449553808283,0.07550919633024585,0.018398418377155955,0.014094123036124501,7.855136230838182e-05,0.0005371461029382852,0.0942090736248506,1.5964536662572202,1.7472598420236443,2.7144710146820086,1.7830392747410786,0.8538142321589247
new,foliage,post_KHRONOS,20480,20000,-0.007323131174702076,-0.031076449553808283,0.07550811750831266,0.018398418402316957,0.014094123036124501,7.855136229137468e-05,0.0005371461038641306,0.09421176583000965,1.0000000013675634,1.0,1.000000001723638,0.9999857127080459,1.000028576919987
new,foliage,post_automatic_color,20480,20000,-0.007323131221171571,-0.031076450034038538,0.07550811897042953,0.01839841870199819,0.014094123310288998,7.855136526305965e-05,0.0005371461226196684,0.09421176547102555,1.0000000162884235,1.0000000194523984,1.0000000349170135,1.0000000193637044,0.9999999961896043
new,foliage,post_final_gamut,20480,20000,-0.007323131221171571,-0.031076450034038538,0.07550811897042953,0.01839841870199819,0.014094123310288998,7.855136526305965e-05,0.0005371461226196684,0.09421176547102555,1.0,1.0,1.0,1.0,1.0
new,white_van,post_demosaic,1536,1488,-0.37105443926217657,-0.2072486897620062,0.6206728175498389,0.008683501301354278,0.007778962312912376,4.121510823152496e-05,0.00013591544951633248,0.0003528120211649884,1.0,1.0,1.0,1.0,1.0
new,white_van,post_existing_denoise,1536,1488,-0.371054443482232,-0.20724870192740732,0.6206730474408036,0.008683150483077964,0.007778464450857624,4.121273829313832e-05,0.00013590161152503288,0.00035277583890326234,0.9999595994444938,0.9999359989115868,0.999898186767223,1.0000003703899352,0.9998974460631853
new,white_van,post_WB,1536,1488,-0.06019630157851874,0.1523082704370264,0.7127215018142451,0.009907140764700994,0.009931383605592469,1.5622494400475485e-05,0.00019678381845303106,0.0003873911200349995,1.1409615420127046,1.2767794554229108,1.447987380317295,1.1483042557639342,1.0981225960353516
new,white_van,post_CCM,1536,1488,-0.09125717116922617,0.2877324831006779,0.6820226752438918,0.018177838950043827,0.01962893598917919,0.00011309769016498108,0.0007157289569610244,0.001538689394646004,1.8348219109605486,1.9764553227131338,3.63713318802103,0.9569273180446937,3.9719273753796647
new,white_van,post_highlight_characterization,1536,1488,-0.09125716875617702,0.2877324840131526,0.6820226750943267,0.01817784083891282,0.019628939696698006,0.00011309772771731985,0.0007157291711814535,0.0015386898558565152,1.0000001039105362,1.0000001888802745,1.0000002993038453,0.9999999997807035,1.0000002997424384
new,white_van,post_FLLF,1536,1488,-0.08440650357321526,0.26629325774653506,0.6308147532862727,0.01694424422387809,0.018297043858645404,9.909043526031443e-05,0.0006218892262836195,0.0015628213992683563,0.9321373409544877,0.9321463177006624,0.8688890313874835,0.924917566998822,1.015683175735508
new,white_van,post_KHRONOS,1536,1488,-0.08092157443752512,0.2546352192875929,0.5692474023785287,0.016581689493849455,0.01499537165364743,8.33448252637131e-05,0.0004998135975014502,0.0015424317346310972,0.9786030745757478,0.81955160459224,0.8037019719545755,0.9024002679280967,0.9869532982804017
new,white_van,post_automatic_color,1536,1488,-0.08092157368082553,0.2546352442004718,0.5692474265346342,0.016581689421458785,0.014995372471125328,8.334483559980988e-05,0.0004998136196175016,0.0015424316719748626,0.9999999956343008,1.0000000545153476,1.0000000442485988,1.0000000424351616,0.9999999593782772
new,white_van,post_final_gamut,1536,1488,-0.08092157368082553,0.2546352442004718,0.5692474265346342,0.016581689421458785,0.014995372471125328,8.334483559980988e-05,0.0004998136196175016,0.0015424316719748626,1.0,1.0,1.0,1.0,1.0
new,neutral_wall,post_demosaic,12288,12000,-0.11079488957875583,-0.11943122844968457,0.23441674807024593,0.004856657049335639,0.006411007189670773,1.8258670137823905e-05,6.46881308808719e-05,0.0011771920725745602,1.0,1.0,1.0,1.0,1.0
new,neutral_wall,post_existing_denoise,12288,12000,-0.11079481542522747,-0.11943142224542196,0.23441294094490647,0.004848818783016198,0.006405030935314371,1.8219974950352987e-05,6.453546487286478e-05,0.0011744520104082815,0.9983860778638852,0.9990678134995652,0.9976399687867274,0.9999837591581199,0.9976723746021446
new,neutral_wall,post_WB,12288,12000,0.03020944757817398,-0.015124445275397446,0.2719214109966654,0.010559300718757438,0.005943822608992221,1.5636609678818648e-05,0.00014682785887631846,0.001985736668139789,2.1777057859417557,0.9279928026921367,2.2751499375664244,1.1600102362120632,1.6907771884604088
new,neutral_wall,post_CCM,12288,12000,0.05298222780472996,-0.021202429110768372,0.27703734608733205,0.01932404613869269,0.012170309286268855,0.00010392071013056622,0.0005215351872937658,0.006795274086901584,1.8300497971769707,2.047555939481905,3.5520179296020715,1.0188140208301928,3.4220419031025404
new,neutral_wall,post_highlight_characterization,12288,12000,0.05298222745720219,-0.02120242900006512,0.27703734602837865,0.019324046035978207,0.01217030910188573,0.00010392069988021912,0.0005215351788360478,0.00679527397959492,0.9999999946846285,0.9999999848497585,0.9999999837830347,0.9999999997872006,0.9999999842086336
new,neutral_wall,post_FLLF,12288,12000,0.058573842051070336,-0.02373217878509119,0.31033734731116347,0.019934184422621508,0.013900186798755937,0.00013979495294394253,0.0005905869016353947,0.006132191708366319,1.031574049529137,1.1421391751341936,1.1324008918314106,1.1202004053250412,0.9024200829547525
new,neutral_wall,post_KHRONOS,12288,12000,0.058573842058346294,-0.02373217878509119,0.3102997570065939,0.019934184426938555,0.013900186798755937,0.00013979495295912806,0.0005905869018075084,0.006133677530951699,1.000000000216565,1.0,1.0000000002914282,0.999878872765733,1.0002422987825632
new,neutral_wall,post_automatic_color,12288,12000,0.058573843397122495,-0.023732178769326612,0.3102997659022391,0.019934185806189667,0.013900186743080538,0.00013979496074841965,0.0005905869552482054,0.006133677734293044,1.0000000691902453,0.9999999959946295,1.0000000904874404,1.0000000286679092,1.0000000331516192
new,neutral_wall,post_final_gamut,12288,12000,0.058573843397122495,-0.023732178769326612,0.3102997659022391,0.019934185806189667,0.013900186743080538,0.00013979496074841965,0.0005905869552482054,0.006133677734293044,1.0,1.0,1.0,1.0,1.0
new,sky,post_demosaic,1152,1116,-0.5250788598010937,-0.35275173249344033,0.9088156416577596,0.0043562643490929346,0.004985927058472444,9.842532129583109e-06,4.3836507711585764e-05,5.3074310649305996e-05,1.0,1.0,1.0,1.0,1.0
new,sky,post_existing_denoise,1152,1116,-0.5250787996273074,-0.3527517185753418,0.9088162688867292,0.0043527276649835385,0.0049822666499066545,9.826147673879976e-06,4.3769219096285135e-05,5.299276894876108e-05,0.9991881383162313,0.9992658519623608,0.9984650096731396,1.0000006901608431,0.9984636314716605
new,sky,post_WB,1152,1116,-0.053690964292086724,0.1385653235709084,1.0445064131219564,0.007630856162976931,0.007854445848766383,2.0974810895148957e-05,0.00011992228537124648,0.00010992024169452589,1.7531205143765385,1.5764804256138198,2.7398771978873335,1.1493042641076874,2.074249824552633
new,sky,post_CCM,1152,1116,-0.08107674892344145,0.2650724805506319,1.016884047189191,0.01417927886352322,0.0157469306112891,0.00010857004895735859,0.00044901777276630994,0.0004342308381992295,1.858150456605073,2.0048429786758675,3.744239624655869,0.9735546229436695,3.950417425445441
new,sky,post_highlight_characterization,1152,1116,-0.08107674385731418,0.26507248563898933,1.0168840441440024,0.014179282217445806,0.015746927375335635,0.0001085700360468007,0.0004490177659660696,0.00043423083422365177,1.0000002365368943,0.9999997945025896,0.9999999848552981,0.9999999970053729,0.9999999908445523
new,sky,post_FLLF,1152,1116,-0.07897749274141258,0.2582524801190529,0.99072636284347,0.013813021922046463,0.015340142707051689,0.00010342575983475267,0.00042611955289164726,0.0004341342237344374,0.9741693345415817,0.9741673623947049,0.9490037704295364,0.9742766331607146,0.9997775135213806
new,sky,post_KHRONOS,1152,1116,-0.05750627531152633,0.1876755847285191,0.7297404700836891,0.010418947668597335,0.009081022852413193,4.9009179341878206e-05,0.00019101944656702049,0.00035870771564229243,0.754284451830778,0.5919777296621074,0.44827665210564155,0.7365711637967027,0.8262599353644052
new,sky,post_automatic_color,1152,1116,-0.05750627541500661,0.18767559766355488,0.72974047870488,0.010418947651406798,0.00908102350200948,4.900919307963426e-05,0.00019101945800680377,0.0003587077286490175,0.9999999983500697,1.000000071533383,1.0000000598880558,1.0000000118140506,1.0000000362599535
new,sky,post_final_gamut,1152,1116,-0.05750627541500661,0.18767559766355488,0.72974047870488,0.010418947651406798,0.00908102350200948,4.900919307963426e-05,0.00019101945800680377,0.0003587077286490175,1.0,1.0,1.0,1.0,1.0
new,near_clip,post_demosaic,4096,4000,-0.09148115104142107,-0.04839507950737243,0.15566847197504646,0.030866937716712287,0.0204189720322296,0.0005923140623826516,0.0013697022628603704,0.056522953675743774,1.0,1.0,1.0,1.0,1.0
new,near_clip,post_existing_denoise,4096,4000,-0.09148563317273783,-0.048397913646340385,0.1556821989460722,0.030863550065902082,0.020414341762101513,0.0005922345651520272,0.0013693040722503264,0.05649655744058417,0.9998902498575889,0.9997732368641878,0.9997092867400157,1.0000881808040611,0.9995329997205908
new,near_clip,post_WB,4096,4000,-0.01261832060484819,0.043908339571889145,0.1791139010803617,0.011192189719813507,0.012288085152151821,-5.7238169227276306e-05,0.0002762621474308332,0.008611182581078264,0.3626345542205979,0.6019339391566475,0.20175368862872187,1.1505098353756307,0.15241959813453065
new,near_clip,post_CCM,4096,4000,-0.01772519755270658,0.08366037682077582,0.17061525224798885,0.019730029081330796,0.02318977071004877,-0.00012636593144205044,0.0009270395131347948,0.031846560930700867,1.7628390489488193,1.8871752940276385,3.3556515858434586,0.9525517071477336,3.6982796068775428
new,near_clip,post_highlight_characterization,4096,4000,-0.017725196924402553,0.08366037681548733,0.17061525233970928,0.019730029099543397,0.023189771101068023,-0.0001263659681424532,0.0009270395319887589,0.03184656154414998,1.0000000009230905,1.0000000168617127,1.0000000203378214,1.0000000005375864,1.0000000192626486
new,near_clip,post_FLLF,4096,4000,-0.019946909059171958,0.09717500456326889,0.18189375380091682,0.021065662655126292,0.02408482247162841,-0.00011142517628509256,0.0010238408165894393,0.030945454652634714,1.067695468103177,1.0385968178236638,1.10441980224189,1.0661048839804257,0.9717047352108632
new,near_clip,post_KHRONOS,4096,4000,-0.01883904241617529,0.09248819974754952,0.16797643521754824,0.01955553490941721,0.018919178873354033,-5.60379248177321e-05,0.0007403542748354007,0.026238733433965416,0.9283133044313897,0.7855228700830396,0.7231146315319085,0.9234865502935239,0.8479026638482896
new,near_clip,post_automatic_color,4096,4000,-0.01883904237911338,0.09248820328275542,0.16797643891992364,0.019555534847278466,0.018919180574203057,-5.6037931113541025e-05,0.0007403543367624247,0.026238734472049458,0.9999999968224471,1.0000000899007846,1.0000000836451226,1.0000000220410405,1.0000000395630393
new,near_clip,post_final_gamut,4096,4000,-0.01883904237911338,0.09248820328275542,0.16797643891992364,0.019555534847278466,0.018919180574203057,-5.6037931113541025e-05,0.0007403543367624247,0.026238734472049458,1.0,1.0,1.0,1.0,1.0
