variant,patch,stage,pixels,negative_pixels,mean_luma,mean_chroma,mean_x,mean_y,changed_pixels,max_rgb_delta,mean_abs_xy_delta,mean_abs_opponent_hue_deg,mean_chroma_ratio,mean_luma_delta
before,blue_hood,post_demosaic,12800,0,0.0621222297999768,0.03972799030575959,0.27815337367521464,0.3458331716442338,,,,,,
before,blue_hood,post_denoise,12800,0,0.06213074979330156,0.03972764971554544,0.27816459401121313,0.3458298379416289,12800,0.0012293718755245209,0.0001399573172927139,0.025634921718866846,0.9999914269458,8.519993324764073e-06
before,blue_hood,post_wb,12800,0,0.07150487548624694,0.03279874319101569,0.28077882626246103,0.28753778257017976,12800,0.0637756735086441,0.05837644470487934,89.19125987927053,0.8255898203356724,0.00937412569294538
before,blue_hood,post_ccm,12800,0,0.06541983279263862,0.061300323342957305,0.25806233363666775,0.25339818061650426,12800,0.03867669403553009,0.041032529307545106,3.9359384172223257,1.868983911546612,-0.006085042693608323
before,blue_hood,post_highlight_gamut,12800,0,0.06541983279263862,0.061300323342957305,0.25806233363666775,0.25339818061650426,0,0.0,0.0,0.0,1.0,0.0
before,blue_hood,post_fllf,12800,0,0.11804586909946084,0.11057579765367123,0.2580623336027611,0.2533981805491521,12800,0.15355056524276733,5.0290384106703095e-09,2.619007422610675e-06,1.8038371027022504,0.05262603630682221
before,blue_hood,post_khronos,12800,0,0.11804586909946084,0.11057579765367123,0.2580623336027611,0.2533981805491521,0,0.0,0.0,0.0,1.0,0.0
before,blue_hood,post_profile,12800,0,0.11804587127948254,0.11057579987200433,0.2580623335541642,0.25339818034644696,0,2.9802322387695312e-08,8.036654538782561e-10,4.813905179323896e-07,1.0000000200616515,2.1800217218697072e-09
before,blue_hood,post_final_gamut,12800,0,0.11804587127948254,0.11057579987200433,0.2580623335541642,0.25339818034644696,0,0.0,0.0,0.0,1.0,0.0
before,dark_glass,post_demosaic,1536,0,0.01497533748572214,0.011471433166347536,0.29277190880302467,0.3811917143489181,,,,,,
before,dark_glass,post_denoise,1536,0,0.014980868606144242,0.011463137102495835,0.29285412765577284,0.38095805497866525,1536,0.0015217242762446404,0.0021009266021162817,0.559057943145591,0.9992768066786948,5.531120422104626e-06
before,dark_glass,post_wb,1536,0,0.017069094970956333,0.003239707574018776,0.299144482074034,0.3220174069322819,1536,0.011902728118002415,0.059321429018598326,65.32094724090423,0.28261963065184,0.00208822636481209
before,dark_glass,post_ccm,1536,0,0.016699187091155757,0.005925566548517673,0.2890685459986548,0.3177611734763616,1536,0.0063345234375447035,0.014567688849267952,3.2076133356560064,1.8290436445679437,-0.00036990787980057576
before,dark_glass,post_highlight_gamut,1536,0,0.016699187091155757,0.005925566548517673,0.2890685459986548,0.3177611734763616,0,0.0,0.0,0.0,1.0,0.0
before,dark_glass,post_fllf,1536,0,0.024430203420211846,0.008535433217323508,0.2890685459949893,0.31776117364601636,1536,0.020267533138394356,5.451859416832549e-09,9.524184512480863e-06,1.4404417109210788,0.007731016329056084
before,dark_glass,post_khronos,1536,0,0.024430203420211846,0.008535433217323508,0.2890685459949893,0.31776117364601636,0,0.0,0.0,0.0,1.0,0.0
before,dark_glass,post_profile,1536,0,0.024430203820333733,0.008535433371425255,0.2890685459072895,0.3177611734473165,0,7.450580596923828e-09,1.2356200451417116e-09,1.2032970591602243e-06,1.0000000180543556,4.0012189401750224e-10
before,dark_glass,post_final_gamut,1536,0,0.024430203820333733,0.008535433371425255,0.2890685459072895,0.3177611734473165,0,0.0,0.0,0.0,1.0,0.0
before,foliage,post_demosaic,20480,3,0.03582824902337926,0.03083927470953407,0.31205151597097286,0.41426913109449615,,,,,,
before,foliage,post_denoise,20480,3,0.03583627560105891,0.030838635652232733,0.3120524749057335,0.4142127368357717,19886,0.0008121458813548088,0.0004172585694077885,0.07476870433968286,0.9999792778102806,8.026577679642627e-06
before,foliage,post_wb,20480,3,0.04089031343983434,0.011374270682063597,0.3249681047664925,0.35720971924327843,20480,0.276065468788147,0.05854410973156954,32.65238637787506,0.3688318384227901,0.005054037838775434
before,foliage,post_ccm,20480,60,0.04249843707094764,0.02185960548293715,0.33597315596659316,0.38694115367296883,20480,0.14315491914749146,0.0327146254394635,2.307177065397819,1.9218467798034882,0.0016081236311132942
before,foliage,post_highlight_gamut,20480,0,0.04249843707084541,0.021834134781032556,0.33585806582113686,0.3867443464479563,60,0.03315398097038269,0.00023349821165911754,4.833694730588256e-09,0.9988348050506001,-1.0222265692380572e-13
before,foliage,post_fllf,20480,0,0.07577837117827836,0.03881054699108726,0.33585806581994804,0.38674434643342537,20480,0.19019556045532227,5.172868361371946e-09,4.878990435704112e-06,1.7775170566777951,0.03327993410743295
before,foliage,post_khronos,20480,0,0.07577712268387815,0.0388105469889352,0.3358582656450229,0.3867443234617235,2,0.02218097448348999,2.0745108385666629e-07,5.538783875991271e-11,0.9999999999445496,-1.2484944002062549e-06
before,foliage,post_profile,20480,0,0.07577712415201997,0.03881054760323802,0.335858265661818,0.3867443232721466,0,5.960464477539063e-08,1.161688310091248e-09,6.234106895680603e-07,1.0000000158282445,1.4681418224474e-09
before,foliage,post_final_gamut,20480,0,0.07577712415201997,0.03881054760323802,0.335858265661818,0.3867443232721466,0,0.0,0.0,0.0,1.0,0.0
before,white_van,post_demosaic,1536,0,0.6206728175498389,0.425105575595621,0.29028091463713535,0.36867961844033653,,,,,,
before,white_van,post_denoise,1536,0,0.6206730474408036,0.4251055781312236,0.2902809311219568,0.3686795947256112,1358,0.00010079145431518555,1.0112336558759332e-06,0.00013014934849218487,1.0000000059646421,2.298909646924585e-07
before,white_van,post_wb,1536,0,0.7122915800669811,0.14530653862472911,0.29614526250878875,0.31013662076756043,1536,0.41535377502441406,0.0588381680771805,96.4354103376221,0.34181282509512306,0.09161853262617758
before,white_van,post_ccm,1536,0,0.685189689328405,0.2675657305311116,0.2836726344697062,0.293880311985197,1536,0.12283098697662354,0.02050730978730186,3.8808606424356547,1.841388096251683,-0.027101890738576186
before,white_van,post_highlight_gamut,1536,0,0.685189689328405,0.2675657305311116,0.2836726344697062,0.293880311985197,0,0.0,0.0,0.0,1.0,0.0
before,white_van,post_fllf,1536,0,0.6337704735284554,0.2476520242902193,0.28367263438830154,0.2938803119944438,1536,0.12301385402679443,3.750634347520878e-09,5.206959462785339e-06,0.9255745262991487,-0.0514192157999496
before,white_van,post_khronos,1536,0,0.5794420759771834,0.24052251574612873,0.28205701533638816,0.29193254222315934,1534,0.15413910150527954,0.002532670278309278,7.5968903423169936e-06,0.9712115878538686,-0.054328397551272056
before,white_van,post_profile,1536,0,0.5794420984984957,0.24052253747614996,0.28205701451403437,0.2919325401859331,0,1.1920928955078125e-07,2.470427267118189e-09,1.9165658708223767e-06,1.0000000903450605,2.25213123485446e-08
before,white_van,post_final_gamut,1536,0,0.5794420984984957,0.24052253747614996,0.28205701451403437,0.2919325401859331,0,0.0,0.0,0.0,1.0,0.0
before,neutral_wall,post_demosaic,12288,0,0.23441674807024593,0.16300870334304574,0.3126098700648699,0.3938330872402717,,,,,,
before,neutral_wall,post_denoise,12288,0,0.23441294094490647,0.16300867148665762,0.312610056561681,0.3938340069355954,12245,0.0005981624126434326,1.5743320957465596e-05,0.0024410164260621945,0.999999804572471,-3.8071253395173695e-06
before,neutral_wall,post_wb,12288,0,0.27194806375646025,0.039263731362139606,0.3259560049101694,0.33728215646946985,12288,0.3124523460865021,0.05811324270292204,98.608850782834,0.24086897343589092,0.03753512281155381
before,neutral_wall,post_ccm,12288,0,0.27816261983067886,0.06664024132347941,0.3344261775965454,0.34154822908334315,12288,0.13454991579055786,0.00978742972034377,3.513447349070296,1.697246772316139,0.006214556074218611
before,neutral_wall,post_highlight_gamut,12288,0,0.27816261983067886,0.06664024132347941,0.3344261775965454,0.34154822908334315,0,0.0,0.0,0.0,1.0,0.0
before,neutral_wall,post_fllf,12288,0,0.31064232940832054,0.07381283039225196,0.33442617770884736,0.3415482290154442,12262,0.09297430515289307,5.798868917638867e-09,1.2749865452935568e-05,1.1076314990210792,0.03247970957764167
before,neutral_wall,post_khronos,12288,0,0.3105991058943541,0.07381283039676116,0.3344313224313105,0.34155067655042587,43,0.04000002145767212,5.709130878258706e-06,8.575428855443304e-09,1.0000000000610896,-4.322351396646506e-05
before,neutral_wall,post_profile,12288,0,0.31059911514003563,0.07381283186249786,0.33443132212207843,0.3415506761235863,0,5.960464477539063e-08,1.140643399116307e-09,4.227046668086228e-07,1.0000000198574786,9.245681576430799e-09
before,neutral_wall,post_final_gamut,12288,0,0.31059911514003563,0.07381283186249786,0.33443132212207843,0.3415506761235863,0,0.0,0.0,0.0,1.0,0.0
before,sky,post_demosaic,1152,0,0.9088156416577596,0.6325811391067782,0.2954685623139135,0.3761357842957734,,,,,,
before,sky,post_denoise,1152,0,0.9088162688867292,0.6325810655525069,0.2954686062512447,0.37613569640149525,1151,0.00031685829162597656,4.558006589689579e-06,0.00021662725986160147,0.9999998837235784,6.272289695011245e-07
before,sky,post_wb,1152,0,1.0440577812650862,0.12265330365808867,0.30297329109328375,0.31789194246572405,1152,0.49669337272644043,0.05872546641945949,101.18769811751093,0.1938934159386532,0.13524151237835694
before,sky,post_ccm,1152,0,1.021401040790147,0.22915909037886706,0.2953478263759215,0.307865646088177,1152,0.09583401679992676,0.01260329905111639,4.191020975628737,1.868348291846068,-0.022656740474938934
before,sky,post_highlight_gamut,1152,0,1.021401040790147,0.22915909037886706,0.2953478263759215,0.307865646088177,0,0.0,0.0,0.0,1.0,0.0
before,sky,post_fllf,1152,0,0.9951278293978318,0.22325895253667027,0.2953478263695819,0.30786564590010784,1152,0.06512069702148438,4.069344696428473e-09,7.856576383222543e-06,0.9742530927643231,-0.02627321139231531
before,sky,post_khronos,1152,0,0.7521664786460396,0.16785433273507128,0.29542439436322343,0.3079614580898295,1152,0.3427368402481079,0.00013262432227450637,1.1651688779763032e-05,0.751836962540175,-0.24296135075179237
before,sky,post_profile,1152,0,0.7521664873110543,0.16785433962288504,0.29542439369761175,0.30796145767447813,0,1.1920928955078125e-07,1.1380717819392357e-09,2.2980542656715464e-06,1.0000000410344712,8.665014886193805e-09
before,sky,post_final_gamut,1152,0,0.7521664873110543,0.16785433962288504,0.29542439369761175,0.30796145767447813,0,0.0,0.0,0.0,1.0,0.0
before,near_clip,post_demosaic,4096,0,0.15566847197504646,0.10440069881216282,0.290415232365131,0.36752412881806124,,,,,,
before,near_clip,post_denoise,4096,0,0.1556821989460722,0.10440128993274911,0.2904365136579174,0.3674403862253622,3496,0.0013646818697452545,0.0011015434720647475,0.3703551514888986,1.000005662036682,1.3726971025744206e-05
before,near_clip,post_wb,4096,0,0.17900074029864602,0.042227538881380734,0.2965126325813443,0.30920703293361335,4096,0.518146276473999,0.05861987352193722,94.90168584591827,0.4044733442334087,0.023318541352573836
before,near_clip,post_ccm,4096,0,0.17142448796774187,0.07906224983200351,0.2844828145922792,0.292435316896944,4096,0.1592487096786499,0.02144543080160488,3.4416533454365634,1.8722912091583959,-0.007576252330904162
before,near_clip,post_highlight_gamut,4096,0,0.17142448796774187,0.07906224983200351,0.2844828145922792,0.292435316896944,0,0.0,0.0,0.0,1.0,0.0
before,near_clip,post_fllf,4096,0,0.18271256575500286,0.09315759131264228,0.2844828146367046,0.29243531694364083,4096,0.32411813735961914,5.169836821104093e-09,8.98734977491239e-06,1.1782815630795918,0.011288077787261
before,near_clip,post_khronos,4096,0,0.17008879328637252,0.08947387622500474,0.28436286500835967,0.29227927380849955,547,0.47660475969314575,0.00021398818292737564,7.963498513743894e-07,0.9604571668746267,-0.012623772468630341
before,near_clip,post_profile,4096,0,0.17008879725618953,0.08947387960942026,0.2843628649242394,0.29227927344091614,0,1.1920928955078125e-07,1.3022520985534656e-09,9.717713043422282e-07,1.0000000378257392,3.9698169985058485e-09
before,near_clip,post_final_gamut,4096,0,0.17008879725618953,0.08947387960942026,0.2843628649242394,0.29227927344091614,0,0.0,0.0,0.0,1.0,0.0
after,blue_hood,post_demosaic,12800,0,0.0621222297999768,0.03972799030575959,0.27815337367521464,0.3458331716442338,,,,,,
after,blue_hood,post_denoise,12800,0,0.06213074979330156,0.03972764971554544,0.27816459401121313,0.3458298379416289,12800,0.0012293718755245209,0.0001399573172927139,0.025634921718866846,0.9999914269458,8.519993324764073e-06
after,blue_hood,post_wb,12800,0,0.07139384662161785,0.029414380894360156,0.28350736194765713,0.2913457984684463,12800,0.05859269201755524,0.05477443921417406,88.7424356757453,0.7404007311021548,0.00926309682831628
after,blue_hood,post_ccm,12800,0,0.0659382455654923,0.054955741835687605,0.2625470245060615,0.2600967593018573,12800,0.035409897565841675,0.03765781666942883,3.925968624704251,1.8683290337830871,-0.005455601056125538
after,blue_hood,post_highlight_gamut,12800,0,0.0659382455654923,0.054955741835687605,0.2625470245060615,0.2600967593018573,0,0.0,0.0,0.0,1.0,0.0
after,blue_hood,post_fllf,12800,0,0.11896188360478473,0.09911264960053376,0.26254702448931133,0.2600967593512068,12800,0.14681363105773926,4.981387217307134e-09,3.08185854718257e-06,1.8034994395466641,0.05302363803929242
after,blue_hood,post_khronos,12800,0,0.11896188360478473,0.09911264960053376,0.26254702448931133,0.2600967593512068,0,0.0,0.0,0.0,1.0,0.0
after,blue_hood,post_profile,12800,0,0.11896188588068854,0.09911265187572589,0.2625470243738499,0.2600967590420712,0,2.9802322387695312e-08,8.91155572141457e-10,5.404886643578522e-07,1.000000022955618,2.275903825648129e-09
after,blue_hood,post_final_gamut,12800,0,0.11896188588068854,0.09911265187572589,0.2625470243738499,0.2600967590420712,0,0.0,0.0,0.0,1.0,0.0
after,dark_glass,post_demosaic,1536,0,0.01497533748572214,0.011471433166347536,0.29277190880302467,0.3811917143489181,,,,,,
after,dark_glass,post_denoise,1536,0,0.014980868606144242,0.011463137102495835,0.29285412765577284,0.38095805497866525,1536,0.0015217242762446404,0.0021009266021162817,0.559057943145591,0.9992768066786948,5.531120422104626e-06
after,dark_glass,post_wb,1536,0,0.017056804264747247,0.0029466142269548323,0.3018446815170999,0.32568729194488594,1536,0.012146354652941227,0.05605074631432497,58.540886109627195,0.25705129412726596,0.002075935658603006
after,dark_glass,post_ccm,1536,0,0.016804129265578494,0.005453216727493836,0.2938133189333464,0.32473258919085524,1536,0.006197859765961766,0.012926379496027365,3.3277665825079814,1.850672095997257,-0.00025267499916875147
after,dark_glass,post_highlight_gamut,1536,0,0.016804129265578494,0.005453216727493836,0.2938133189333464,0.32473258919085524,0,0.0,0.0,0.0,1.0,0.0
after,dark_glass,post_fllf,1536,0,0.024675482453843933,0.007880300186992482,0.29381331904757363,0.32473258932475185,1536,0.01941799931228161,5.660374935036372e-09,1.0244658772381085e-05,1.4450737208484419,0.007871353188265434
after,dark_glass,post_khronos,1536,0,0.024675482453843933,0.007880300186992482,0.29381331904757363,0.32473258932475185,0,0.0,0.0,0.0,1.0,0.0
after,dark_glass,post_profile,1536,0,0.02467548281542045,0.007880300316653412,0.2938133189993641,0.3247325891706103,0,3.725290298461914e-09,1.163027511099652e-09,1.167828889333163e-06,1.0000000164538059,3.6157651569131614e-10
after,dark_glass,post_final_gamut,1536,0,0.02467548281542045,0.007880300316653412,0.2938133189993641,0.3247325891706103,0,0.0,0.0,0.0,1.0,0.0
after,foliage,post_demosaic,20480,3,0.03582824902337926,0.03083927470953407,0.31205151597097286,0.41426913109449615,,,,,,
after,foliage,post_denoise,20480,3,0.03583627560105891,0.030838635652232733,0.3120524749057335,0.4142127368357717,19886,0.0008121458813548088,0.0004172585694077885,0.07476870433968286,0.9999792778102806,8.026577679642627e-06
after,foliage,post_wb,20480,3,0.040898881427427494,0.012260607656197731,0.32760004608073745,0.3604491444729807,20480,0.281715989112854,0.05606323940319685,34.862320487964986,0.39757295992146324,0.005062605826368587
after,foliage,post_ccm,20480,65,0.0427199616526546,0.02349112287315663,0.34085016924286404,0.39339860302608376,20480,0.1489766240119934,0.036395140894558795,2.344295815138762,1.9159835737245763,0.0018210802252271036
after,foliage,post_highlight_gamut,20480,65,0.0427199616526546,0.02349112287315663,0.34085016924286404,0.39339860302608376,0,0.0,0.0,0.0,1.0,0.0
after,foliage,post_fllf,20480,65,0.07618553110230113,0.041777485504022924,0.3408501692621154,0.3933986029913095,20480,0.19129523634910583,5.173003897884079e-09,4.398994043457172e-06,1.7784371453678858,0.03346556944964655
after,foliage,post_khronos,20480,0,0.07618402970341,0.0417288535777236,0.3407302684087419,0.3931925052905077,67,0.05888332799077034,0.0002443398016294852,5.223766663675633e-09,0.9988359297905892,-1.5013988911479712e-06
after,foliage,post_profile,20480,0,0.0761840311787665,0.041728854248169814,0.34073026841765114,0.39319250510788295,0,5.960464477539063e-08,1.1256009918063619e-09,6.237849693321862e-07,1.0000000160667297,1.4753565028638795e-09
after,foliage,post_final_gamut,20480,0,0.0761840311787665,0.041728854248169814,0.34073026841765114,0.39319250510788295,0,0.0,0.0,0.0,1.0,0.0
after,white_van,post_demosaic,1536,0,0.6206728175498389,0.425105575595621,0.29028091463713535,0.36867961844033653,,,,,,
after,white_van,post_denoise,1536,0,0.6206730474408036,0.4251055781312236,0.2902809311219568,0.3686795947256112,1358,0.00010079145431518555,1.0112336558759332e-06,0.00013014934849218487,1.0000000059646421,2.298909646924585e-07
after,white_van,post_wb,1536,0,0.7116636690711875,0.11750374078998983,0.2989234239517592,0.313849712652198,1536,0.4104434549808502,0.05550935340883393,94.13690386345077,0.27641072438178693,0.09099062163038374
after,white_van,post_ccm,1536,0,0.6898690311286791,0.21589600105176945,0.28843247385983356,0.300678267576055,1536,0.10460764169692993,0.01686142176601072,3.8271346193633593,1.8373542799597549,-0.021794637942508174
after,white_van,post_highlight_gamut,1536,0,0.6898690311286791,0.21589600105176945,0.28843247385983356,0.300678267576055,0,0.0,0.0,0.0,1.0,0.0
after,white_van,post_fllf,1536,0,0.6381194030065865,0.1998621013097306,0.28843247377962766,0.30067826756504284,1536,0.11705851554870605,3.824967768231253e-09,6.537668594282693e-06,0.9257332249605026,-0.05174962812209269
after,white_van,post_khronos,1536,0,0.5924551448330787,0.197435713468305,0.2870186309423613,0.299030622132521,1533,0.11867082118988037,0.0021737436429998176,7.550566841929562e-06,0.9878596901287184,-0.0456642581735078
after,white_van,post_profile,1536,0,0.5924551659080394,0.19743572853929167,0.28701863044857073,0.29903062077201786,0,1.1920928955078125e-07,2.3828465102602172e-09,1.698970269747857e-06,1.00000007633364,2.1074960629145308e-08
after,white_van,post_final_gamut,1536,0,0.5924551659080394,0.19743572853929167,0.28701863044857073,0.29903062077201786,0,0.0,0.0,0.0,1.0,0.0
after,neutral_wall,post_demosaic,12288,0,0.23441674807024593,0.16300870334304574,0.3126098700648699,0.3938330872402717,,,,,,
after,neutral_wall,post_denoise,12288,0,0.23441294094490647,0.16300867148665762,0.312610056561681,0.3938340069355954,12245,0.0005981624126434326,1.5743320957465596e-05,0.0024410164260621945,0.999999804572471,-3.8071253395173695e-06
after,neutral_wall,post_wb,12288,0,0.27199017054120245,0.04624989108602604,0.3288267266499591,0.34062285467415343,12288,0.3188476264476776,0.055635851020767534,92.32563811399659,0.2837265690482707,0.037577229596295975
after,neutral_wall,post_ccm,12288,0,0.27982606685001127,0.07828132736969919,0.3394605233617407,0.34771136354254173,12288,0.1409968137741089,0.012984832249913009,2.2772887603404937,1.6925732262610913,0.007835896308808878
after,neutral_wall,post_highlight_gamut,12288,0,0.27982606685001127,0.07828132736969919,0.3394605233617407,0.34771136354254173,0,0.0,0.0,0.0,1.0,0.0
after,neutral_wall,post_fllf,12288,0,0.31111418439345967,0.08649189419236447,0.33946052346366523,0.34771136350853277,12253,0.09300684928894043,5.479568234839198e-09,1.083068984047512e-05,1.1048853806973564,0.03128811754344837
after,neutral_wall,post_khronos,12288,0,0.31106164588690827,0.0864918941930215,0.33946746883883744,0.34771509109387827,50,0.04000002145767212,7.894927064989724e-06,7.016845780342488e-09,1.0000000000075964,-5.253850655135466e-05
after,neutral_wall,post_profile,12288,0,0.31106165535826874,0.08649189612506758,0.33946746845551296,0.3477150903039807,0,5.960464477539063e-08,1.4309868653102581e-09,9.219594060856188e-07,1.000000022337886,9.471360438813766e-09
after,neutral_wall,post_final_gamut,12288,0,0.31106165535826874,0.08649189612506758,0.33946746845551296,0.3477150903039807,0,0.0,0.0,0.0,1.0,0.0
after,sky,post_demosaic,1152,0,0.9088156416577596,0.6325811391067782,0.2954685623139135,0.3761357842957734,,,,,,
after,sky,post_denoise,1152,0,0.9088162688867292,0.6325810655525069,0.2954686062512447,0.37613569640149525,1151,0.00031685829162597656,4.558006589689579e-06,0.00021662725986160147,0.9999998837235784,6.272289695011245e-07
after,sky,post_wb,1152,0,1.0434054610881125,0.08430105634308768,0.3057739853958875,0.3215331223005572,1152,0.5068597793579102,0.055566797513905586,97.36404716523032,0.133265222330766,0.13458919220138343
after,sky,post_ccm,1152,0,1.0280757685122803,0.15811533795996718,0.30020138159511967,0.3145885623393283,1152,0.07095456123352051,0.008914415980738784,4.337776033272429,1.8756032820807227,-0.015329692575832206
after,sky,post_highlight_gamut,1152,0,1.0280757685122803,0.15811533795996718,0.30020138159511967,0.3145885623393283,0,0.0,0.0,0.0,1.0,0.0
after,sky,post_fllf,1152,0,1.0016224441376411,0.1540407919733191,0.300201381546833,0.3145885621084179,1152,0.061872124671936035,4.547331628620309e-09,1.3428630503797834e-05,0.9742305456306857,-0.026453324374639327
after,sky,post_khronos,1152,0,0.7877470789649731,0.12179793325214419,0.30012792373313657,0.31450638768222866,1152,0.288171648979187,0.00011146949030251945,1.6278965596910273e-05,0.7906862311720678,-0.21387536517266803
after,sky,post_profile,1152,0,0.7877470846144172,0.12179793557525483,0.30012792333091964,0.3145063877807577,0,1.1920928955078125e-07,6.844607694175576e-10,2.430742512974741e-06,1.0000000190734815,5.649444129731919e-09
after,sky,post_final_gamut,1152,0,0.7877470846144172,0.12179793557525483,0.30012792333091964,0.3145063877807577,0,0.0,0.0,0.0,1.0,0.0
after,near_clip,post_demosaic,4096,0,0.15566847197504646,0.10440069881216282,0.290415232365131,0.36752412881806124,,,,,,
after,near_clip,post_denoise,4096,0,0.1556821989460722,0.10440128993274911,0.2904365136579174,0.3674403862253622,3496,0.0013646818697452545,0.0011015434720647475,0.3703551514888986,1.000005662036682,1.3726971025744206e-05
after,near_clip,post_wb,4096,0,0.17883540767208372,0.03539966867923065,0.2992874334610508,0.3128931944405515,4096,0.5141270160675049,0.055337831501716464,90.698759305768,0.3390730967216365,0.023153208726011534
after,near_clip,post_ccm,4096,0,0.17262013895771403,0.06634529690259039,0.2892196018599546,0.2991501767750148,4096,0.13238728046417236,0.018461135180429113,3.584290937332357,1.8741784705322921,-0.006215268714369722
after,near_clip,post_highlight_gamut,4096,0,0.17262013895771403,0.06634529690259039,0.2892196018599546,0.2991501767750148,0,0.0,0.0,0.0,1.0,0.0
after,near_clip,post_fllf,4096,0,0.18392374364977462,0.07958688746357545,0.28921960179200645,0.29915017665936566,4096,0.30831778049468994,5.2664815183945325e-09,1.0808997403188858e-05,1.1995859718651445,0.011303604692060617
after,near_clip,post_khronos,4096,0,0.17322570351110939,0.0773062509422215,0.28911704905021723,0.29901904306467497,517,0.41470807790756226,0.000171550507003256,8.721619166388028e-07,0.9713440669180872,-0.010698040138665236
after,near_clip,post_profile,4096,0,0.17322570726475303,0.07730625364981497,0.28911704902799745,0.2990190428082879,0,1.1920928955078125e-07,1.248078301233112e-09,1.0382251950727395e-06,1.0000000350242502,3.75364365936548e-09
after,near_clip,post_final_gamut,4096,0,0.17322570726475303,0.07730625364981497,0.28911704902799745,0.2990190428082879,0,0.0,0.0,0.0,1.0,0.0
